id	mixin	注入的方法
accessorybox_1	Accessorybox1BlockMixin	newBlockEntity, getMenuProvider, useWithoutItem, onRemove, hasAnalogOutputSignal/getAnalogOutputSignal
accessorybox_2	Accessorybox2BlockMixin	newBlockEntity, getMenuProvider, useWithoutItem, onRemove, hasAnalogOutputSignal/getAnalogOutputSignal
acrate	AcrateBlockMixin	useWithoutItem
acrate_2	Acrate2BlockMixin	newBlockEntity, getMenuProvider, useWithoutItem, onRemove, hasAnalogOutputSignal/getAnalogOutputSignal
acrate_3	Acrate3BlockMixin	newBlockEntity, getMenuProvider, useWithoutItem, onRemove, hasAnalogOutputSignal/getAnalogOutputSignal
ammunitionbox	AmmunitionboxBlockMixin	newBlockEntity, getMenuProvider, useWithoutItem, onRemove, hasAnalogOutputSignal/getAnalogOutputSignal
atm	ATMBlockMixin	newBlockEntity, getMenuProvider, useWithoutItem, onRemove, hasAnalogOutputSignal/getAnalogOutputSignal
atm_2	ATM2BlockMixin	newBlockEntity, getMenuProvider, useWithoutItem, onRemove, hasAnalogOutputSignal/getAnalogOutputSignal
blackluggage	BlackluggageBlockMixin	newBlockEntity, getMenuProvider, useWithoutItem, onRemove, hasAnalogOutputSignal/getAnalogOutputSignal
blueluggage	BlueluggageBlockMixin	newBlockEntity, getMenuProvider, useWithoutItem, onRemove, hasAnalogOutputSignal/getAnalogOutputSignal
bodybag	BodybagBlockMixin	newBlockEntity, getMenuProvider, useWithoutItem, onRemove, hasAnalogOutputSignal/getAnalogOutputSignal
cabinet	CabinetBlockMixin	newBlockEntity, getMenuProvider, useWithoutItem, onRemove, hasAnalogOutputSignal/getAnalogOutputSignal
cabinet_2	Cabinet2BlockMixin	newBlockEntity, getMenuProvider, useWithoutItem, onRemove, hasAnalogOutputSignal/getAnalogOutputSignal
cabinet_3	Cabinet3BlockMixin	newBlockEntity, getMenuProvider, useWithoutItem, onRemove, hasAnalogOutputSignal/getAnalogOutputSignal
cart	CartBlockMixin	newBlockEntity, getMenuProvider, useWithoutItem, onRemove, hasAnalogOutputSignal/getAnalogOutputSignal
cart_2	Cart2BlockMixin	newBlockEntity, getMenuProvider, useWithoutItem, onRemove, hasAnalogOutputSignal/getAnalogOutputSignal
carton	CartonBlockMixin	newBlockEntity, getMenuProvider, useWithoutItem, onRemove, hasAnalogOutputSignal/getAnalogOutputSignal
carton_2	Carton2BlockMixin	newBlockEntity, getMenuProvider, useWithoutItem, onRemove, hasAnalogOutputSignal/getAnalogOutputSignal
carton_3	Carton3BlockMixin	newBlockEntity, getMenuProvider, useWithoutItem, onRemove, hasAnalogOutputSignal/getAnalogOutputSignal
cashregister	CashregisterBlockMixin	newBlockEntity, getMenuProvider, useWithoutItem, onRemove, hasAnalogOutputSignal/getAnalogOutputSignal
coffee_machine	CoffeeMachineBlockMixin	newBlockEntity, getMenuProvider, useWithoutItem, onRemove, hasAnalogOutputSignal/getAnalogOutputSignal
constanttemperatureincubator	ConstanttemperatureincubatorBlockMixin	newBlockEntity, getMenuProvider, useWithoutItem, onRemove, hasAnalogOutputSignal/getAnalogOutputSignal
firstaidkit	FirstaidkitBlockMixin	newBlockEntity, getMenuProvider, useWithoutItem, onRemove, hasAnalogOutputSignal/getAnalogOutputSignal
freezer	FreezerBlockMixin	newBlockEntity, getMenuProvider, useWithoutItem, onRemove, hasAnalogOutputSignal/getAnalogOutputSignal
fridge	FridgeBlockMixin	newBlockEntity, getMenuProvider, useWithoutItem, onRemove, hasAnalogOutputSignal/getAnalogOutputSignal
fridge_2	Fridge2BlockMixin	newBlockEntity, getMenuProvider, useWithoutItem, onRemove, hasAnalogOutputSignal/getAnalogOutputSignal
goodsshelves	GoodsshelvesBlockMixin	newBlockEntity, getMenuProvider, useWithoutItem, onRemove, hasAnalogOutputSignal/getAnalogOutputSignal
goodsshelves_2	Goodsshelves2BlockMixin	newBlockEntity, getMenuProvider, useWithoutItem, onRemove, hasAnalogOutputSignal/getAnalogOutputSignal
goodsshelves_3	Goodsshelves3BlockMixin	newBlockEntity, getMenuProvider, useWithoutItem, onRemove, hasAnalogOutputSignal/getAnalogOutputSignal
goodsshelves_4	Goodsshelves4BlockMixin	newBlockEntity, getMenuProvider, useWithoutItem, onRemove, hasAnalogOutputSignal/getAnalogOutputSignal
goodsshelves_5	Goodsshelves5BlockMixin	newBlockEntity, getMenuProvider, useWithoutItem, onRemove, hasAnalogOutputSignal/getAnalogOutputSignal
goodsshelves_6	Goodsshelves6BlockMixin	newBlockEntity, getMenuProvider, useWithoutItem, onRemove, hasAnalogOutputSignal/getAnalogOutputSignal
greenluggage	GreenluggageBlockMixin	newBlockEntity, getMenuProvider, useWithoutItem, onRemove, hasAnalogOutputSignal/getAnalogOutputSignal
greyluggage	GreyluggageBlockMixin	newBlockEntity, getMenuProvider, useWithoutItem, onRemove, hasAnalogOutputSignal/getAnalogOutputSignal
indoorgarbagebin	IndoorgarbagebinBlockMixin	newBlockEntity, getMenuProvider, useWithoutItem, onRemove, hasAnalogOutputSignal/getAnalogOutputSignal
insulationcabinet	InsulationcabinetBlockMixin	newBlockEntity, getMenuProvider, useWithoutItem, onRemove, hasAnalogOutputSignal/getAnalogOutputSignal
khakiluggage	KhakiluggageBlockMixin	newBlockEntity, getMenuProvider, useWithoutItem, onRemove, hasAnalogOutputSignal/getAnalogOutputSignal
lockers	LockersBlockMixin	newBlockEntity, getMenuProvider, useWithoutItem, onRemove, hasAnalogOutputSignal/getAnalogOutputSignal
lockers_2	Lockers2BlockMixin	newBlockEntity, getMenuProvider, useWithoutItem, onRemove, hasAnalogOutputSignal/getAnalogOutputSignal
luggage	LuggageBlockMixin	newBlockEntity, getMenuProvider, useWithoutItem, onRemove, hasAnalogOutputSignal/getAnalogOutputSignal
mailbox_1	Mailbox1BlockMixin	newBlockEntity, getMenuProvider, useWithoutItem, onRemove, hasAnalogOutputSignal/getAnalogOutputSignal
mailbox_2	Mailbox2BlockMixin	newBlockEntity, getMenuProvider, useWithoutItem, onRemove, hasAnalogOutputSignal/getAnalogOutputSignal
medicalbox	MedicalboxBlockMixin	newBlockEntity, getMenuProvider, useWithoutItem, onRemove, hasAnalogOutputSignal/getAnalogOutputSignal
metalcabinet	MetalcabinetBlockMixin	newBlockEntity, getMenuProvider, useWithoutItem, onRemove, hasAnalogOutputSignal/getAnalogOutputSignal
metalcabinet_2	Metalcabinet2BlockMixin	newBlockEntity, getMenuProvider, useWithoutItem, onRemove, hasAnalogOutputSignal/getAnalogOutputSignal
metaldrawer	MetaldrawerBlockMixin	newBlockEntity, getMenuProvider, useWithoutItem, onRemove, hasAnalogOutputSignal/getAnalogOutputSignal
metaldrawer_2	Metaldrawer2BlockMixin	newBlockEntity, getMenuProvider, useWithoutItem, onRemove, hasAnalogOutputSignal/getAnalogOutputSignal
microwaveoven	MicrowaveovenBlockMixin	newBlockEntity, getMenuProvider, useWithoutItem, onRemove, hasAnalogOutputSignal/getAnalogOutputSignal
officedrawers_1	Officedrawers1BlockMixin	newBlockEntity, getMenuProvider, useWithoutItem, onRemove, hasAnalogOutputSignal/getAnalogOutputSignal
officedrawers_2	Officedrawers2BlockMixin	newBlockEntity, getMenuProvider, useWithoutItem, onRemove, hasAnalogOutputSignal/getAnalogOutputSignal
oildrum	OildrumBlockMixin	newBlockEntity, getMenuProvider, useWithoutItem, onRemove, hasAnalogOutputSignal/getAnalogOutputSignal
oiltank	OiltankBlockMixin	newBlockEntity, getMenuProvider, useWithoutItem, onRemove, hasAnalogOutputSignal/getAnalogOutputSignal
oiltank_2	Oiltank2BlockMixin	newBlockEntity, getMenuProvider, useWithoutItem, onRemove, hasAnalogOutputSignal/getAnalogOutputSignal
plasticbox	PlasticboxBlockMixin	newBlockEntity, getMenuProvider, useWithoutItem, onRemove, hasAnalogOutputSignal/getAnalogOutputSignal
plasticbox_2	Plasticbox2BlockMixin	newBlockEntity, getMenuProvider, useWithoutItem, onRemove, hasAnalogOutputSignal/getAnalogOutputSignal
plasticbox_3	Plasticbox3BlockMixin	newBlockEntity, getMenuProvider, useWithoutItem, onRemove, hasAnalogOutputSignal/getAnalogOutputSignal
plasticbox_4	Plasticbox4BlockMixin	newBlockEntity, getMenuProvider, useWithoutItem, onRemove, hasAnalogOutputSignal/getAnalogOutputSignal
redluggage	RedluggageBlockMixin	newBlockEntity, getMenuProvider, useWithoutItem, onRemove, hasAnalogOutputSignal/getAnalogOutputSignal
remains_1	Remains1BlockMixin	newBlockEntity, getMenuProvider, useWithoutItem, onRemove, hasAnalogOutputSignal/getAnalogOutputSignal
remains_10	Remains10BlockMixin	newBlockEntity, getMenuProvider, useWithoutItem, onRemove, hasAnalogOutputSignal/getAnalogOutputSignal
remains_1010	Remains1010BlockMixin	newBlockEntity, getMenuProvider, useWithoutItem, onRemove, hasAnalogOutputSignal/getAnalogOutputSignal
remains_101010	Remains101010BlockMixin	newBlockEntity, getMenuProvider, useWithoutItem, onRemove, hasAnalogOutputSignal/getAnalogOutputSignal
remains_11	Remains11BlockMixin	newBlockEntity, getMenuProvider, useWithoutItem, onRemove, hasAnalogOutputSignal/getAnalogOutputSignal
remains_111	Remains111BlockMixin	newBlockEntity, getMenuProvider, useWithoutItem, onRemove, hasAnalogOutputSignal/getAnalogOutputSignal
remains_2	Remains2BlockMixin	newBlockEntity, getMenuProvider, useWithoutItem, onRemove, hasAnalogOutputSignal/getAnalogOutputSignal
remains_22	Remains22BlockMixin	newBlockEntity, getMenuProvider, useWithoutItem, onRemove, hasAnalogOutputSignal/getAnalogOutputSignal
remains_222	Remains222BlockMixin	newBlockEntity, getMenuProvider, useWithoutItem, onRemove, hasAnalogOutputSignal/getAnalogOutputSignal
remains_3	Remains3BlockMixin	newBlockEntity, getMenuProvider, useWithoutItem, onRemove, hasAnalogOutputSignal/getAnalogOutputSignal
remains_33	Remains33BlockMixin	newBlockEntity, getMenuProvider, useWithoutItem, onRemove, hasAnalogOutputSignal/getAnalogOutputSignal
remains_333	Remains333BlockMixin	newBlockEntity, getMenuProvider, useWithoutItem, onRemove, hasAnalogOutputSignal/getAnalogOutputSignal
remains_4	Remains4BlockMixin	newBlockEntity, getMenuProvider, useWithoutItem, onRemove, hasAnalogOutputSignal/getAnalogOutputSignal
remains_44	Remains44BlockMixin	newBlockEntity, getMenuProvider, useWithoutItem, onRemove, hasAnalogOutputSignal/getAnalogOutputSignal
remains_444	Remains444BlockMixin	newBlockEntity, getMenuProvider, useWithoutItem, onRemove, hasAnalogOutputSignal/getAnalogOutputSignal
remains_5	Remains5BlockMixin	newBlockEntity, getMenuProvider, useWithoutItem, onRemove, hasAnalogOutputSignal/getAnalogOutputSignal
remains_55	Remains55BlockMixin	newBlockEntity, getMenuProvider, useWithoutItem, onRemove, hasAnalogOutputSignal/getAnalogOutputSignal
remains_555	Remains555BlockMixin	newBlockEntity, getMenuProvider, useWithoutItem, onRemove, hasAnalogOutputSignal/getAnalogOutputSignal
remains_6	Remains6BlockMixin	newBlockEntity, getMenuProvider, useWithoutItem, onRemove, hasAnalogOutputSignal/getAnalogOutputSignal
remains_66	Remains66BlockMixin	newBlockEntity, getMenuProvider, useWithoutItem, onRemove, hasAnalogOutputSignal/getAnalogOutputSignal
remains_666	Remains666BlockMixin	newBlockEntity, getMenuProvider, useWithoutItem, onRemove, hasAnalogOutputSignal/getAnalogOutputSignal
remains_7	Remains7BlockMixin	newBlockEntity, getMenuProvider, useWithoutItem, onRemove, hasAnalogOutputSignal/getAnalogOutputSignal
remains_77	Remains77BlockMixin	newBlockEntity, getMenuProvider, useWithoutItem, onRemove, hasAnalogOutputSignal/getAnalogOutputSignal
remains_777	Remains777BlockMixin	newBlockEntity, getMenuProvider, useWithoutItem, onRemove, hasAnalogOutputSignal/getAnalogOutputSignal
remains_8	Remains8BlockMixin	newBlockEntity, getMenuProvider, useWithoutItem, onRemove, hasAnalogOutputSignal/getAnalogOutputSignal
remains_88	Remains88BlockMixin	newBlockEntity, getMenuProvider, useWithoutItem, onRemove, hasAnalogOutputSignal/getAnalogOutputSignal
remains_888	Remains888BlockMixin	newBlockEntity, getMenuProvider, useWithoutItem, onRemove, hasAnalogOutputSignal/getAnalogOutputSignal
remains_9	Remains9BlockMixin	newBlockEntity, getMenuProvider, useWithoutItem, onRemove, hasAnalogOutputSignal/getAnalogOutputSignal
remains_99	Remains99BlockMixin	newBlockEntity, getMenuProvider, useWithoutItem, onRemove, hasAnalogOutputSignal/getAnalogOutputSignal
remains_999	Remains999BlockMixin	newBlockEntity, getMenuProvider, useWithoutItem, onRemove, hasAnalogOutputSignal/getAnalogOutputSignal
safe	SafeBlockMixin	newBlockEntity, getMenuProvider, useWithoutItem, onRemove, hasAnalogOutputSignal/getAnalogOutputSignal
shelf	ShelfBlockMixin	newBlockEntity, getMenuProvider, useWithoutItem, onRemove, hasAnalogOutputSignal/getAnalogOutputSignal
shelf_2	Shelf2BlockMixin	newBlockEntity, getMenuProvider, useWithoutItem, onRemove, hasAnalogOutputSignal/getAnalogOutputSignal
shelf_3	Shelf3BlockMixin	newBlockEntity, getMenuProvider, useWithoutItem, onRemove, hasAnalogOutputSignal/getAnalogOutputSignal
shelf_4	Shelf4BlockMixin	newBlockEntity, getMenuProvider, useWithoutItem, onRemove, hasAnalogOutputSignal/getAnalogOutputSignal
shopping_cart	ShoppingCartBlockMixin	newBlockEntity, getMenuProvider, useWithoutItem, onRemove, hasAnalogOutputSignal/getAnalogOutputSignal
toolbox	ToolboxBlockMixin	newBlockEntity, getMenuProvider, useWithoutItem, onRemove, hasAnalogOutputSignal/getAnalogOutputSignal
trashbag	TrashbagBlockMixin	newBlockEntity, getMenuProvider, useWithoutItem, onRemove, hasAnalogOutputSignal/getAnalogOutputSignal
trashbag_2	Trashbag2BlockMixin	newBlockEntity, getMenuProvider, useWithoutItem, onRemove, hasAnalogOutputSignal/getAnalogOutputSignal
trashbag_3	Trashbag3BlockMixin	newBlockEntity, getMenuProvider, useWithoutItem, onRemove, hasAnalogOutputSignal/getAnalogOutputSignal
trashcan	TrashcanBlockMixin	newBlockEntity, getMenuProvider, useWithoutItem, onRemove, hasAnalogOutputSignal/getAnalogOutputSignal
trashcan_2	Trashcan2BlockMixin	newBlockEntity, getMenuProvider, useWithoutItem, onRemove, hasAnalogOutputSignal/getAnalogOutputSignal
trashcan_3	Trashcan3BlockMixin	newBlockEntity, getMenuProvider, useWithoutItem, onRemove, hasAnalogOutputSignal/getAnalogOutputSignal
trashcan_4	Trashcan4BlockMixin	newBlockEntity, getMenuProvider, useWithoutItem, onRemove, hasAnalogOutputSignal/getAnalogOutputSignal
vendingmachine	VendingmachineBlockMixin	newBlockEntity, getMenuProvider, useWithoutItem, onRemove, hasAnalogOutputSignal/getAnalogOutputSignal
vendingmachine_2	Vendingmachine2BlockMixin	newBlockEntity, getMenuProvider, useWithoutItem, onRemove, hasAnalogOutputSignal/getAnalogOutputSignal
vendingmachine_3	Vendingmachine3BlockMixin	newBlockEntity, getMenuProvider, useWithoutItem, onRemove, hasAnalogOutputSignal/getAnalogOutputSignal
vendingmachine_4	Vendingmachine4BlockMixin	newBlockEntity, getMenuProvider, useWithoutItem, onRemove, hasAnalogOutputSignal/getAnalogOutputSignal
washingmachine	WashingmachineBlockMixin	newBlockEntity, getMenuProvider, useWithoutItem, onRemove, hasAnalogOutputSignal/getAnalogOutputSignal
waterdispenser	WaterdispenserBlockMixin	newBlockEntity, getMenuProvider, useWithoutItem, onRemove, hasAnalogOutputSignal/getAnalogOutputSignal
weaponbox	WeaponboxBlockMixin	newBlockEntity, getMenuProvider, useWithoutItem, onRemove, hasAnalogOutputSignal/getAnalogOutputSignal
woodencabinet	WoodencabinetBlockMixin	newBlockEntity, getMenuProvider, useWithoutItem, onRemove, hasAnalogOutputSignal/getAnalogOutputSignal
woodencabinet_2	Woodencabinet2BlockMixin	newBlockEntity, getMenuProvider, useWithoutItem, onRemove, hasAnalogOutputSignal/getAnalogOutputSignal
woodencrate	WoodencrateBlockMixin	newBlockEntity, getMenuProvider, useWithoutItem, onRemove, hasAnalogOutputSignal/getAnalogOutputSignal
woodendrawer	WoodendrawerBlockMixin	newBlockEntity, getMenuProvider, useWithoutItem, onRemove, hasAnalogOutputSignal/getAnalogOutputSignal
woodendrawer_2	Woodendrawer2BlockMixin	newBlockEntity, getMenuProvider, useWithoutItem, onRemove, hasAnalogOutputSignal/getAnalogOutputSignal