id	中文名	类名	slots	命中	冲突	音效类别
accessorybox_1	手枪配件箱	Accessorybox1Block	18	配件箱	False	metal_lid
accessorybox_2	步枪配件箱	Accessorybox2Block	18	配件箱	False	metal_lid
acrate	板条箱	AcrateBlock	9	板条箱	True	wood_crate
acrate_2	板条箱	Acrate2Block	9	板条箱	False	wood_crate
acrate_3	板条箱	Acrate3Block	9	板条箱	False	wood_crate
ammunitionbox	弹药箱	AmmunitionboxBlock	18	弹药箱	False	metal_lid
atm	自动取款机	ATMBlock	9	自动取款机	False	vault
atm_2	自动取款机	ATM2Block	9	自动取款机	False	vault
blackluggage	黑色行李箱	BlackluggageBlock	27	行李箱	False	luggage
blueluggage	蓝色行李箱	BlueluggageBlock	27	行李箱	False	luggage
bodybag	裹尸袋	BodybagBlock	9	裹尸袋	False	body_bag
cabinet	柜子	CabinetBlock	27	柜子	False	wood_cabinet
cabinet_2	玻璃柜子	Cabinet2Block	27	柜子	False	glass_cabinet
cabinet_3	玻璃柜子(打开)	Cabinet3Block	27	柜子	False	glass_cabinet
cart	小推车	CartBlock	27	小推车	False	cart
cart_2	小推车	Cart2Block	27	小推车	False	cart
carton	纸箱	CartonBlock	27	纸箱	False	cardboard
carton_2	纸箱(打开)	Carton2Block	27	纸箱	False	cardboard
carton_3	纸箱	Carton3Block	27	纸箱	False	cardboard
cashregister	收银台	CashregisterBlock	9	收银台	False	vault
coffee_machine	咖啡机	CoffeeMachineBlock	9	咖啡机	False	appliance
constanttemperatureincubator	恒温培养箱	ConstanttemperatureincubatorBlock	27	恒温培养箱	False	metal_door
firstaidkit	急救包	FirstaidkitBlock	9	急救包	False	metal_lid
freezer	冰柜	FreezerBlock	27	冰柜	False	metal_door
fridge	冰箱	FridgeBlock	27	冰箱	False	metal_door
fridge_2	冰箱(打开)	Fridge2Block	27	冰箱	False	metal_door
goodsshelves	空货架	GoodsshelvesBlock	27	货架	False	wood_shelf
goodsshelves_2	有物资的货架	Goodsshelves2Block	27	货架	False	wood_shelf
goodsshelves_3	有物资的货架	Goodsshelves3Block	27	货架	False	wood_shelf
goodsshelves_4	有物资的货架	Goodsshelves4Block	27	货架	False	wood_shelf
goodsshelves_5	有物资的货架	Goodsshelves5Block	27	货架	False	wood_shelf
goodsshelves_6	有物资的货架	Goodsshelves6Block	27	货架	False	wood_shelf
greenluggage	绿色行李箱	GreenluggageBlock	27	行李箱	False	luggage
greyluggage	灰色行李箱	GreyluggageBlock	27	行李箱	False	luggage
indoorgarbagebin	室内垃圾桶	IndoorgarbagebinBlock	27	垃圾桶	False	metal_lid
insulationcabinet	保温柜	InsulationcabinetBlock	27	保温柜	False	metal_door
khakiluggage	卡其色行李箱	KhakiluggageBlock	27	行李箱	False	luggage
lockers	储物柜	LockersBlock	54	储物柜	False	metal_door
lockers_2	储物柜(打开)	Lockers2Block	54	储物柜	False	metal_door
luggage	白色行李箱	LuggageBlock	27	行李箱	False	luggage
mailbox_1	邮箱	Mailbox1Block	9	邮箱	False	metal_flap
mailbox_2	邮箱	Mailbox2Block	9	邮箱	False	metal_flap
medicalbox	医疗箱	MedicalboxBlock	18	医疗箱	False	metal_lid
metalcabinet	金属柜	MetalcabinetBlock	27	金属柜	False	metal_door
metalcabinet_2	金属柜(打开)	Metalcabinet2Block	27	金属柜	False	metal_door
metaldrawer	金属抽屉	MetaldrawerBlock	18	抽屉	False	metal_lid
metaldrawer_2	金属抽屉(打开)	Metaldrawer2Block	18	抽屉	False	metal_lid
microwaveoven	微波炉	MicrowaveovenBlock	9	微波炉	False	metal_lid
officedrawers_1	文件柜(开)	Officedrawers1Block	27	文件柜	False	metal_lid
officedrawers_2	文件柜(关)	Officedrawers2Block	27	文件柜	False	metal_lid
oildrum	金属桶	OildrumBlock	27	金属桶	False	metal_lid
oiltank	油桶	OiltankBlock	27	油桶	False	metal_lid
oiltank_2	油桶	Oiltank2Block	27	油桶	False	metal_lid
plasticbox	塑料箱	PlasticboxBlock	27	塑料箱	False	plastic
plasticbox_2	塑料箱	Plasticbox2Block	27	塑料箱	False	plastic
plasticbox_3	塑料箱	Plasticbox3Block	27	塑料箱	False	plastic
plasticbox_4	塑料箱	Plasticbox4Block	27	塑料箱	False	plastic
redluggage	红色行李箱	RedluggageBlock	27	行李箱	False	luggage
remains_1	遗体	Remains1Block	9	遗体	False	corpse
remains_10	遗体	Remains10Block	9	遗体	False	corpse
remains_1010	遗体	Remains1010Block	9	遗体	False	corpse
remains_101010	遗体	Remains101010Block	9	遗体	False	corpse
remains_11	遗体	Remains11Block	9	遗体	False	corpse
remains_111	遗体	Remains111Block	9	遗体	False	corpse
remains_2	遗体	Remains2Block	9	遗体	False	corpse
remains_22	遗体	Remains22Block	9	遗体	False	corpse
remains_222	遗体	Remains222Block	9	遗体	False	corpse
remains_3	遗体	Remains3Block	9	遗体	False	corpse
remains_33	遗体	Remains33Block	9	遗体	False	corpse
remains_333	遗体	Remains333Block	9	遗体	False	corpse
remains_4	遗体	Remains4Block	9	遗体	False	corpse
remains_44	遗体	Remains44Block	9	遗体	False	corpse
remains_444	遗体	Remains444Block	9	遗体	False	corpse
remains_5	遗体	Remains5Block	9	遗体	False	corpse
remains_55	遗体	Remains55Block	9	遗体	False	corpse
remains_555	遗体	Remains555Block	9	遗体	False	corpse
remains_6	遗体	Remains6Block	9	遗体	False	corpse
remains_66	遗体	Remains66Block	9	遗体	False	corpse
remains_666	遗体	Remains666Block	9	遗体	False	corpse
remains_7	遗体	Remains7Block	9	遗体	False	corpse
remains_77	遗体	Remains77Block	9	遗体	False	corpse
remains_777	遗体	Remains777Block	9	遗体	False	corpse
remains_8	遗体	Remains8Block	9	遗体	False	corpse
remains_88	遗体	Remains88Block	9	遗体	False	corpse
remains_888	遗体	Remains888Block	9	遗体	False	corpse
remains_9	遗体	Remains9Block	9	遗体	False	corpse
remains_99	遗体	Remains99Block	9	遗体	False	corpse
remains_999	遗体	Remains999Block	9	遗体	False	corpse
safe	保险箱	SafeBlock	27	保险箱	False	metal_door
shelf	架子	ShelfBlock	27	架子	False	wood_shelf
shelf_2	坍塌的架子	Shelf2Block	27	架子	False	wood_shelf
shelf_3	有物资的架子	Shelf3Block	27	架子	False	wood_shelf
shelf_4	有物资的架子	Shelf4Block	27	架子	False	wood_shelf
shopping_cart	购物车	ShoppingCartBlock	27	购物车	False	cart
toolbox	工具箱	ToolboxBlock	18	工具箱	False	metal_lid
trashbag	垃圾袋	TrashbagBlock	9	垃圾袋	False	luggage
trashbag_2	垃圾袋	Trashbag2Block	9	垃圾袋	False	luggage
trashbag_3	垃圾袋	Trashbag3Block	9	垃圾袋	False	luggage
trashcan	垃圾桶	TrashcanBlock	27	垃圾桶	False	metal_lid
trashcan_2	垃圾桶	Trashcan2Block	27	垃圾桶	False	metal_lid
trashcan_3	垃圾桶(打开)	Trashcan3Block	27	垃圾桶	False	metal_lid
trashcan_4	垃圾桶	Trashcan4Block	27	垃圾桶	False	metal_lid
vendingmachine	售货机	VendingmachineBlock	27	售货机	False	vault
vendingmachine_2	售货机	Vendingmachine2Block	27	售货机	False	vault
vendingmachine_3	售货机	Vendingmachine3Block	27	售货机	False	vault
vendingmachine_4	售货机	Vendingmachine4Block	27	售货机	False	vault
washingmachine	洗衣机	WashingmachineBlock	9	洗衣机	False	metal_door
waterdispenser	饮水机	WaterdispenserBlock	9	饮水机	False	appliance
weaponbox	武器箱	WeaponboxBlock	27	武器箱	False	wood_crate
woodencabinet	木柜	WoodencabinetBlock	27	木柜	False	wood_cabinet
woodencabinet_2	木柜(打开)	Woodencabinet2Block	27	木柜	False	wood_cabinet
woodencrate	木箱	WoodencrateBlock	27	木箱	False	wood_crate
woodendrawer	木抽屉	WoodendrawerBlock	18	抽屉	False	wood_drawer
woodendrawer_2	木抽屉(打开)	Woodendrawer2Block	18	抽屉	False	wood_drawer
